INSERT INTO Estado (nombre)
VALUES ('INICIADA'),
('FINALIZADA'),
('EN CURSO'),
('DESCARTADA'),
('CONTROLADA'),
('CANCELADA');

INSERT INTO Cliente (dni, nombre, nroCelular)
VALUES 
(26741032, 'Martín Gómez', '351-5556677'),
(29740615, 'Natalia González', '351-7896543'),
(29760548, 'Silvia Martínez', '351-7788990'),
(31549768, 'Adriana Herrera', '351-2345678'),
(35761089, 'Marina Sánchez', '351-4567890'),
(37190257, 'Vanessa Silva', '351-6547890'),
(37784562, 'Carlos Rodríguez', '351-6543210'),
(38291654, 'Cecilia Gutiérrez', '351-6667778'),
(38751246, 'Ana Torres', '351-1122334'),
(39167482, 'Diego Romero', '351-9876543'),
(41983427, 'Ricardo López', '351-2233445'),
(42871309, 'Alejandro Pérez', '351-0123456'),
(42981467, 'Gustavo Morales', '351-9871234'),
(43789015, 'Camila Ramírez', '351-6543210'),
(43876912, 'Pedro Fernández', '351-4455667'),
(44347788, 'Juan Pérez', '351-9855547'),
(45128973, 'Fernando Ruiz', '351-9990001'),
(48902135, 'Eduardo Castro', '351-9876543'),
(49820124, 'Laura López', '351-7890123'),
(50233695, 'María García', '351-8769876');

INSERT INTO Encuesta (descripcion, fechaFinVigencia)
VALUES 
('Encuesta de Satisfacción', '2024-12-01 23:59:59'),
('Calidad del Soporte', '2023-12-31 23:59:59'),
('Experiencia con Consultas Generales', '2023-12-31 23:59:59'),
('Experiencia con Reclamos y Resoluciones', '2024-12-31 23:59:59'),
('Satisfacción con la Comunicación', '2023-12-31 23:59:59'),
('Experiencia con Solicitudes de Información', '2022-12-31 23:59:59'),
('Percepción de la Solución Brindada', '2023-11-30 23:59:59'),
('Experiencia con Tiempo de Espera', '2023-12-31 23:59:59'),
('Rapidez y Eficiencia en el Proceso', '2023-11-30 23:59:59'),
('Calidad del Soporte Técnico', '2023-12-31 23:59:59');



INSERT INTO Pregunta (pregunta, id_encuesta)
VALUES 
('¿Cómo calificarías la amabilidad del operador?', 1),
('¿Estás satisfecho con la rapidez en la atención?', 1),
('¿La solución proporcionada resolvió tu problema?', 2),
('¿Cómo evalúas la paciencia y claridad del operador?', 2),
('¿La información proporcionada fue clara y completa?', 3),
('¿Cómo calificarías la eficiencia del servicio?', 3),
('¿Cómo calificarías la rapidez en la resolución de tu reclamo?', 4),
('¿El operador mostró empatía durante la gestión del reclamo?', 4),
('¿El operador fue claro en sus instrucciones o explicaciones?', 5),
('¿Te sentiste escuchado durante la llamada?', 5),
('¿La información proporcionada satisfizo tu solicitud?', 6),
('¿El tiempo de espera para obtener información fue aceptable?', 6),
('¿La solución brindada fue efectiva?', 7),
('¿El operador mostró conocimiento sobre el problema?', 7),
('¿Consideras que la solución fue rápida?', 7),
('¿Cómo evalúas el tiempo de espera para ser atendido?', 8),
('¿La música en espera fue agradable?', 8),
('¿La espera fue comunicada de manera clara?', 8),
('¿Cómo evalúas la rapidez del servicio brindado?', 9),
('¿La solución proporcionada cumplió con tus expectativas?', 9),
('¿El operador resolvió tu problema técnico?', 10),
('¿Cómo calificarías la cortesía del soporte técnico?', 10),
('¿La solución proporcionada fue clara y fácil de entender?', 10);


INSERT INTO RespuestaPosible (descripcion, valor, id_pregunta)
VALUES 
('Muy insatisfactoria', 1, 1),
('Insatisfactoria', 2, 1),
('Neutral', 3, 1),
('Satisfactoria', 4, 1),
('Muy satisfactoria', 5, 1),
('Muy insatisfactoria', 1, 2),
('Insatisfactoria', 2, 2),
('Neutral', 3, 2),
('Satisfactoria', 4, 2),
('Muy satisfactoria', 5, 2),
('1 - Nada efectiva', 1, 4),
('2 - Poco efectiva', 2, 4),
('3 - Neutral', 3, 4),
('4 - Efectiva', 4, 4),
('5 - Muy efectiva', 5, 4),
('1 - Sí', 1, 3),
('2 - No', 2, 3),
('1 - Nada clara', 1, 5),
('2 - Poco clara', 2, 5),
('3 - Neutral', 3, 5),
('4 - Clara', 4, 5),
('5 - Muy clara', 5, 5),
('1 - Ineficiente', 1, 6),
('2 - Poco eficiente', 2, 6),
('3 - Neutral', 3, 6),
('4 - Eficiente', 4, 6),
('5 - Muy eficiente', 5, 6),
('1 - Muy lenta', 1, 7),
('2 - Lenta', 2, 7),
('3 - Neutral', 3, 7),
('4 - Rápida', 4, 7),
('5 - Muy rápida', 5, 7),
('1 - Sí', 1, 8),
('2 - No', 2, 8),
('1 - Nada claro', 1, 9),
('2 - Poco claro', 2, 9),
('3 - Neutral', 3, 9),
('4 - Claro', 4, 9),
('5 - Muy claro', 5, 9),
('1 - Sí', 1, 10),
('2 - No', 2, 10),
('1 - Insatisfactoria', 1, 11),
('2 - Poco satisfactoria', 2, 11),
('3 - Neutral', 3, 11),
('4 - Satisfactoria', 4, 11),
('5 - Muy satisfactoria', 5, 11),
('1 - Sí', 1, 12),
('2 - No', 2, 12),
('1 - Sí', 1, 13),
('2 - No', 2, 13),
('1 - Nada conocedor', 1, 14),
('2 - Poco conocedor', 2, 14),
('3 - Neutral', 3, 14),
('4 - Conocedor', 4, 14),
('5 - Muy conocedor', 5, 14),
('1 - Nada rápida', 1, 15),
('2 - Poco rápida', 2, 15),
('3 - Neutral', 3, 15),
('4 - Rápida', 4, 15),
('5 - Muy rápida', 5, 15),
('1 - Muy largo', 1, 16),
('2 - Largo', 2, 16),
('3 - Aceptable', 3, 16),
('4 - Corto', 4, 16),
('5 - Muy corto', 5, 16),
('1 - Sí', 1, 17),
('2 - No', 2, 17),
('1 - Nada clara', 1, 18),
('2 - Poco clara', 2, 18),
('3 - Neutral', 3, 18),
('4 - Clara', 4, 18),
('5 - Muy clara', 5, 18),
('1 - Muy lenta', 1, 19),
('2 - Lenta', 2, 19),
('3 - Aceptable', 3, 19),
('4 - Rápida', 4, 19),
('5 - Muy rápida', 5, 19),
('1 - Sí', 1, 20),
('2 - No', 2, 20),
('1 - No resolvió', 1, 21),
('2 - Resolvió parcialmente', 2, 21),
('3 - Resolvió completamente', 3, 21),
('1 - Muy poco cortés', 1, 22),
('2 - Poco cortés', 2, 22),
('3 - Neutral', 3, 22),
('4 - Cortés', 4, 22),
('5 - Muy cortés', 5, 22),
('1 - Sí', 1, 23),
('2 - No', 2, 23);



INSERT INTO Llamada (descripcionOperador, detalleAccionRequerida, duracion, encuestaEnviada, observacionAuditor, dni_cliente)
Values ('Carlos Rodríguez', 'Solicitud de nueva tarjeta', 220.5, 1, 'Todo resuelto', 44347788),
('Ana Gómez', 'Consulta de deuda', 198.2, 0, 'Interferencias detectadas', 50233695),
('Juan Pérez', 'Solicitud de aumento de límite', 315.3, 1, 'Cliente satisfecho', 37784562),
('María López', 'Bloqueo de tarjeta perdida', 150.8, 0, NULL, 49820124),
('Martín Fernández', 'Consulta de movimientos', 320.1, 1, 'Todo resuelto', 26741032),
('Laura Martínez', 'Solicitud de cambio de dirección', 270.7, 1, 'Cliente ausente', 38751246),
('Diego Sánchez', 'Solicitud de préstamo', 418.4, 1, 'Falta información del cliente', 43876912),
('Carolina Castro', 'Reporte de transacción no reconocida', 207.3, 0, 'Interferencias detectadas', 29760548),
('Andrés González', 'Solicitud de tarjeta adicional', 342.2, 0, 'Cliente satisfecho', 41983427),
('Valeria Díaz', 'Consulta de beneficios', 295.5, 0, 'Todo resuelto', 38291654),
('Luis Herrera', 'Solicitud de cambio de PIN', 315.8, 0, NULL, 45128973),
('Lucía Torres', 'Reclamo por cargos incorrectos', 312.3, 1, 'Cliente ausente', 31549768),
('Miguel Silva', 'Consulta sobre seguros asociados', 297.7, 1, 'Interferencias detectadas', 48902135),
('Marina Romero', 'Solicitud de cancelación de tarjeta', 318.2, 0, 'Falta información del cliente', 37190257),
('Carlos Rodríguez', 'Reporte de tarjeta robada', 256.5, 0, 'Cliente satisfecho', 42871309),
('Ana Gómez', 'Consulta de puntos del programa de recompensas', 349.9, 0, 'Interferencias detectadas', 29740615),
('Juan Pérez', 'Solicitud de cambio de tipo de cuenta', 411.4, 0, NULL, 42981467),
('María López', 'Reclamo por demora en la entrega de tarjeta', 317.1, 0, 'Todo resuelto', 35761089),
('Martín Fernández', 'Consulta sobre tasas de interés', 308.8, 0, 'Cliente ausente', 39167482),
('Laura Martínez', 'Solicitud de estado de cuenta por correo', 213.6, 0, 'Falta información del cliente', 43789015),
('Diego Sánchez', 'Reclamo por error en el estado de cuenta', 310.3, 0, 'Cliente satisfecho', 44347788),
('Carolina Castro', 'Consulta sobre recompensas acumuladas', 216.7, 1, NULL, 50233695),
('Andrés González', 'Solicitud de cambio de fecha de pago', 243.2, 1, 'Falta información del cliente', 37784562),
('Valeria Díaz', 'Reporte de tarjeta no recibida', 398.9, 0, 'Cliente ausente', 49820124),
('Luis Herrera', 'Solicitud de tarjeta virtual', 414.4, 0, NULL, 26741032),
('Lucía Torres', 'Consulta sobre beneficios de viaje', 311.1, 0, 'Cliente satisfecho', 38751246),
('Miguel Silva', 'Reclamo por demora en atención al cliente', 417.5, 0, 'Interferencias detectadas', 43876912),
('Marina Romero', 'Solicitud de cambio de dirección de correspondencia', 307.8, 0, 'Todo resuelto', 29760548),
('Carlos Rodríguez', 'Reporte de cargo no reconocido en línea de crédito', 394.9, 0, 'Falta información del cliente', 41983427),
('Ana Gómez', 'Consulta de seguro de protección de compras', 310.6, 0, 'Cliente satisfecho', 38291654),
('Juan Pérez', 'Solicitud de tarjeta de débito adicional', 376.2, 1, NULL, 45128973),
('María López', 'Consulta sobre puntos vencidos del programa de recompensas', 312.7, 1, 'Todo resuelto', 31549768),
('Martín Fernández', 'Solicitud de aumento de límite de crédito', 409.4, 1, 'Cliente ausente', 48902135),
('Laura Martínez', 'Bloqueo de tarjeta por viaje al exterior', 355.8, 0, 'Interferencias detectadas', 37190257),
('Diego Sánchez', 'Consulta sobre promociones vigentes', 311.3, 0, 'Cliente satisfecho', 42871309),
('Carolina Castro', 'Solicitud de envío de resumen por correo electrónico', 317.9, 0, NULL, 29740615),
('Andrés González', 'Reclamo por demora en la emisión de nueva tarjeta', 327.2, 0, 'Falta información del cliente', 42981467),
('Valeria Díaz', 'Solicitud de cambio de nombre en la cuenta', 314.5, 0, 'Interferencias detectadas', 35761089),
('Luis Herrera', 'Reporte de uso no autorizado de la tarjeta', 310.1, 0, 'Cliente ausente', 39167482),
('Lucía Torres', 'Consulta sobre plazos de financiación', 315.6, 0, NULL, 43789015),
('Diego Sánchez', 'Consulta sobre beneficios adicionales', 311.9, 0, 'Falta información del cliente', 44347788),
('Carolina Castro', 'Solicitud de tarjeta de crédito corporativa', 316.3, 1, 'Cliente satisfecho', 50233695),
('Andrés González', 'Reporte de pérdida de tarjeta virtual', 313.7, 1, NULL, 37784562),
('Valeria Díaz', 'Consulta sobre opciones de pago', 308.4, 0, 'Interferencias detectadas', 49820124),
('Luis Herrera', 'Solicitud de cambio de límite de crédito', 314.9, 0, 'Falta información del cliente', 26741032),
('Lucía Torres', 'Consulta sobre programa de puntos para viajes', 311.5, 0, 'Cliente ausente', 38751246),
('Miguel Silva', 'Reclamo por demora en la aprobación de préstamo', 317.8, 0, NULL, 43876912),
('Marina Romero', 'Solicitud de estado de cuenta adicional', 307.5, 0, 'Interferencias detectadas', 29760548),
('Carlos Rodríguez', 'Reporte de actividad sospechosa en la cuenta', 314.3, 0, 'Falta información del cliente', 41983427),
('Ana Gómez', 'Consulta sobre protección contra robo de identidad', 310.8, 0, 'Cliente satisfecho', 38291654);


INSERT INTO RespuestasDeCliente (fechaEncuesta, id_llamada, id_respuesta_posible)
VALUES 
('2023-11-05 10:10:00', 1, 76),
('2023-11-05 10:15:00', 1, 78),
('2023-01-10 13:10:00', 3, 62),
('2023-01-10 13:15:00', 3, 67),
('2023-01-10 13:20:00', 3, 68),
('2023-11-10 17:05:00', 5, 15),
('2023-11-10 17:10:00', 5, 16),
('2022-11-10 18:30:00', 6, 44),
('2022-11-10 18:35:00', 6, 47),
('2023-07-01 20:35:00', 7, 14),
('2023-07-01 20:40:00', 7, 16),
('2023-04-20 12:20:00', 12, 30),
('2023-04-20 12:25:00', 12, 33),
('2023-05-02 14:25:00', 13, 18),
('2023-05-02 14:35:00', 13, 24),
('2023-07-20 12:20:00', 22, 50),
('2023-07-20 12:25:00', 22, 63),
('2023-07-20 12:30:00', 22, 60),
('2023-09-02 14:20:00', 23, 5),
('2023-09-02 14:25:00', 23, 9),
('2023-01-10 10:40:00', 31, 80),
('2023-01-10 10:45:00', 31, 84),
('2023-01-10 10:55:00', 31, 89),
('2023-02-20 12:25:00', 32, 21),
('2023-02-20 12:35:00', 32, 26),
('2023-03-05 15:15:00', 33, 49),
('2023-03-05 15:35:00', 33, 54),
('2023-03-05 15:40:00', 33, 59),
('2023-12-20 12:20:00', 42, 77),
('2023-12-20 12:35:00', 42, 78),
('2023-01-05 14:20:00', 43, 37),
('2023-01-05 14:25:00', 43, 40);

INSERT INTO CambioEstado (fechaHoraInicio, id_estado, id_llamada)
VALUES 
('2023-11-05 09:00:00', 1, 1),
('2023-11-05 09:15:00', 3, 1),
('2023-11-05 10:00:00', 2, 1),
('2023-10-10 10:30:00', 1, 2),
('2023-10-10 11:00:00', 3, 2),
('2023-10-10 11:15:00', 2, 2),
('2023-10-10 11:30:00', 5, 2),
('2023-01-10 12:00:00', 1, 3),
('2023-01-10 12:30:00', 3, 3),
('2023-01-10 13:00:00', 2, 3),
('2023-11-10 14:00:00', 1, 4),
('2023-11-10 16:00:00', 1, 5),
('2023-11-10 17:00:00', 2, 5),
('2022-11-10 18:00:00', 1, 6),
('2022-11-10 18:15:00', 3, 6),
('2022-11-10 18:25:00', 2, 6),
('2022-11-10 18:50:00', 6, 6),
('2023-07-01 19:30:00', 1, 7),
('2023-07-01 20:00:00', 3, 7),
('2023-07-01 20:30:00', 2, 7),
('2023-07-01 21:00:00', 4, 7),
('2023-11-01 21:30:00', 1, 8),
('2023-11-01 22:00:00', 3, 8),
('2023-11-01 22:15:00', 6, 8),
('2023-11-10 23:00:00', 1, 9),
('2023-11-11 00:00:00', 6, 9),
('2023-09-11 00:30:00', 1, 10),
('2023-09-11 01:00:00', 3, 10),
('2023-03-15 09:30:00', 1, 11),
('2023-03-15 10:00:00', 3, 11),
('2023-04-20 11:30:00', 1, 12),
('2023-04-20 12:00:00', 3, 12),
('2023-04-20 12:15:00', 2, 12),
('2023-04-20 12:30:00', 6, 12),
('2023-05-02 13:30:00', 1, 13),
('2023-05-02 14:00:00', 3, 13),
('2023-05-02 14:15:00', 2, 13),
('2023-05-02 14:30:00', 4, 13),
('2023-06-12 15:30:00', 1, 14),
('2023-06-12 16:00:00', 3, 14),
('2023-06-12 16:15:00', 6, 14),
('2023-07-18 17:30:00', 1, 15),
('2023-08-25 18:30:00', 1, 16),
('2023-08-25 18:45:00', 3, 16),
('2023-08-25 19:00:00', 6, 16),
('2023-09-03 20:00:00', 1, 17),
('2023-09-03 20:30:00', 3, 17),
('2023-09-03 21:00:00', 6, 17),
('2023-10-10 22:00:00', 1, 18),
('2023-10-10 22:30:00', 3, 18),
 
('2023-11-17 23:30:00', 1, 19),
('2023-12-24 00:30:00', 1, 20),
('2023-12-24 01:00:00', 3, 20),
('2023-06-15 09:30:00', 1, 21),
('2023-06-15 10:00:00', 3, 21),
('2023-07-20 11:30:00', 1, 22),
('2023-07-20 12:00:00', 3, 22),
('2023-07-20 12:15:00', 2, 22),
('2023-07-20 12:30:00', 6, 22),
('2023-09-02 13:30:00', 1, 23),
('2023-09-02 14:00:00', 3, 23),
('2023-09-02 14:15:00', 2, 23),
('2023-09-02 14:30:00', 4, 23),
('2023-10-12 15:30:00', 1, 24),
('2023-10-12 16:00:00', 3, 24),
('2023-10-12 16:15:00', 6, 24),
('2023-11-18 17:30:00', 1, 25),
('2023-11-25 18:30:00', 1, 26),
('2023-12-03 20:00:00', 1, 27),
('2023-12-03 20:30:00', 3, 27),
('2023-12-10 22:00:00', 1, 28),
('2023-12-10 22:30:00', 3, 28),
('2023-12-17 23:30:00', 1, 29),
('2023-12-24 00:30:00', 1, 30),
('2023-12-24 01:00:00', 3, 30),
('2023-01-10 09:30:00', 1, 31),
('2023-01-10 10:00:00', 3, 31),
('2023-01-10 10:30:00', 2, 31),
('2023-02-20 11:30:00', 1, 32),
('2023-02-20 12:00:00', 3, 32),
('2023-02-20 12:15:00', 2, 32),
('2023-02-20 12:30:00', 6, 32),
('2023-03-05 13:30:00', 1, 33),
('2023-03-05 14:00:00', 3, 33),
('2023-03-05 14:15:00', 2, 33),
('2023-03-05 14:30:00', 4, 33),
('2023-04-15 15:30:00', 1, 34),
('2023-05-22 17:30:00', 1, 35),
('2023-06-30 18:30:00', 1, 36),
('2023-06-30 18:45:00', 3, 36),
('2023-06-30 19:00:00', 6, 36),
('2023-07-10 20:00:00', 1, 37),
('2023-07-10 20:30:00', 3, 37),
('2023-08-15 22:00:00', 1, 38),
('2023-08-15 22:30:00', 3, 38),
('2023-09-25 23:30:00', 1, 39),
('2023-10-31 00:30:00', 1, 40),
('2023-10-31 01:00:00', 3, 40),
('2023-11-15 09:30:00', 1, 41),
('2023-11-15 10:00:00', 3, 41),

('2023-12-20 11:30:00', 1, 42),
('2023-12-20 12:00:00', 3, 42),
('2023-12-20 12:15:00', 2, 42),
('2023-01-05 13:30:00', 1, 43),
('2023-01-05 14:00:00', 3, 43),
('2023-01-05 14:15:00', 2, 43),
('2023-01-05 14:30:00', 4, 43),
('2023-02-15 15:30:00', 1, 44),
('2023-02-15 16:00:00', 3, 44),
('2023-02-15 16:15:00', 6, 44),
('2023-03-22 17:30:00', 1, 45),
('2023-04-30 18:30:00', 1, 46),
('2023-04-30 18:45:00', 3, 46),
('2023-04-30 19:00:00', 6, 46),
('2023-05-10 20:00:00', 1, 47),
('2023-05-10 20:30:00', 3, 47),
('2023-06-15 22:00:00', 1, 48),
('2023-06-15 22:30:00', 3, 48),
('2023-07-25 23:30:00', 1, 49),
('2023-08-31 00:30:00', 1, 50),
('2023-08-31 01:00:00', 3, 50);






